{"1.5": 1.7408123791102514, "1.0": 4.448742746615087, "2.0": 1.9342359767891684, "3.0": 8.123791102514506, "4.0": 23.404255319148938, "5.0": 16.44100580270793, "2.5": 2.7079303675048356, "4.5": 29.593810444874276, "3.5": 11.60541586073501}