{"1.5": 446.34333333333336, "1.0": 278.73043478260865, "2.0": 255.398, "3.0": 344.6666666666667, "4.0": 354.2518181818182, "5.0": 480.0801176470588, "2.5": 263.30071428571426, "4.5": 412.89039215686273, "3.5": 272.1143333333333}